auto-repair-shop-mechanic-29068227.jpg	Mattinbgn (talk · contribs)	CC BY 3.0	https://commons.wikimedia.org/wiki/File:Barellan_Autos.JPG
auto-repair-shop-mechanic-194512646.jpg	Shixart1985	CC BY 2.0	https://commons.wikimedia.org/wiki/File:Car_mechanic_worker_repairing_suspension_of_lifted_automobile_at_auto_repair_garage_shop.jpg
auto-repair-shop-mechanic-44843205.jpg	Mattinbgn (talk · contribs)	CC BY 3.0	https://commons.wikimedia.org/wiki/File:Coolah_Auto_Smash_and_Mechanical_001.JPG
auto-repair-shop-mechanic-200532944.jpg	PattayaPatrol	CC BY-SA 4.0	https://commons.wikimedia.org/wiki/File:DSC_6745_A_mechanic_sitting_on_a_small_wooden_stool_working_on_the_front_suspension_of_a_raised_pickup_truck_in_a_garage.jpg
auto-repair-shop-mechanic-31735618.jpg	Unknown authorUnknown author	Public domain	https://commons.wikimedia.org/wiki/File:Motor_Transport_Corps_training_school_LCCN00651837.jpg
auto-repair-shop-mechanic-31735749.jpg	Unknown authorUnknown author	Public domain	https://commons.wikimedia.org/wiki/File:Motor_Transport_Corps_training_school_LCCN00651837.tif
car-mechanic-workshop-107438232.jpg	Nenad Stojkovic	CC BY 2.0	https://commons.wikimedia.org/wiki/File:A_man_who_sanding_with_a_grinder_and_prepares_the_paint_for_the_car_in_a_home_service._-_Flickr_-_shixart1985.jpg
car-mechanic-workshop-198617422.jpg	Shixart1985	CC BY 2.0	https://commons.wikimedia.org/wiki/File:An_old_and_dusty_car_in_a_mechanic_s_workshop.jpg
car-mechanic-workshop-61682809.jpg	Igor Ovsyannykov igorovsyannykov	CC0	https://commons.wikimedia.org/wiki/File:Car_Restoration_Workshop_(Unsplash).jpg
car-mechanic-workshop-61683108.jpg	AJ  Yorio lightninghorse	CC0	https://commons.wikimedia.org/wiki/File:Car_mechanic%27s_workbench_(Unsplash).jpg
car-mechanic-workshop-50806049.jpg	FOTO:Fortepan — ID 72519: Adományozó/Donor: Lissák Tivadar.	CC BY-SA 3.0	https://commons.wikimedia.org/wiki/File:Car_repair,_workshop,_mechanic,_szerv%C3%ADz,_military_Fortepan_72519.jpg
car-mechanic-workshop-108115131.jpg	Sodiq Jimoh	CC BY-SA 4.0	https://commons.wikimedia.org/wiki/File:Cars_in_a_local_mechanic_workshop_in_Nigeria.jpg
Fiat-500-Abarth-16902129.jpg	Jean-Pol GRANDMONT	CC BY-SA 3.0	https://commons.wikimedia.org/wiki/File:0_Fiat_500_-_Rome.JPG
Fiat-500-Abarth-199368191.jpg	Berthold Werner	CC BY-SA 4.0	https://commons.wikimedia.org/wiki/File:A_line-up_of_Fiat_500s_BW_2021-09-25_10-56-47.jpg
Fiat-500-Abarth-49326468.jpg	Lothar Spurzem	CC BY-SA 2.0 de	https://commons.wikimedia.org/wiki/File:Fiat_500_Abarth_(Foto_Sp_2016-06-05).JPG
Fiat-500-Abarth-7816289.jpg	Jochen Teufel	CC BY-SA 3.0	https://commons.wikimedia.org/wiki/File:Fiat_500_F_Berlina_in_Berlin_(2009).jpg
Fiat-500-Abarth-69745822.jpg	Lothar Spurzem	CC BY-SA 2.0 de	https://commons.wikimedia.org/wiki/File:Fiat_500_Giardiniera,_Bj._1969_(2018-06-03_Sp).JPG
Fiat-500-Abarth-114267344.jpg	Marco Ober	CC BY-SA 4.0	https://commons.wikimedia.org/wiki/File:Fiat_500_L_(1967%E2%80%9371_model).jpg
Alfa-Romeo-Giulia-195144743.jpg	TTTNIS	CC0	https://commons.wikimedia.org/wiki/File:2026_Alfa_Romeo_Giulia_Quadrifoglio.jpg
Alfa-Romeo-Giulia-195144742.jpg	TTTNIS	CC0	https://commons.wikimedia.org/wiki/File:2026_Alfa_Romeo_Giulia_Quadrifoglio_rear.jpg
Alfa-Romeo-Giulia-117761785.jpg	Alexander Migl	CC BY-SA 4.0	https://commons.wikimedia.org/wiki/File:Alfa_Romeo_Giulia_(2015)_GT_Junior_1X7A0336.jpg
Alfa-Romeo-Giulia-137748142.jpg	Alexander-93	CC BY-SA 4.0	https://commons.wikimedia.org/wiki/File:Alfa_Romeo_Giulia_(2023)_1X7A0826.jpg
Alfa-Romeo-Giulia-135219024.jpg	Alexander-93	CC BY-SA 4.0	https://commons.wikimedia.org/wiki/File:Alfa_Romeo_Giulia_(2023)_IMG_8308.jpg
Alfa-Romeo-Giulia-135219049.jpg	Alexander-93	CC BY-SA 4.0	https://commons.wikimedia.org/wiki/File:Alfa_Romeo_Giulia_(2023)_IMG_8312.jpg
Fiat-500-classic-95703036.jpg	Staffan Andersson	CC BY-SA 4.0	https://commons.wikimedia.org/wiki/File:Fiat_500_1964.jpg
Fiat-500-classic-122474097.jpg	Alexander Migl	CC BY-SA 4.0	https://commons.wikimedia.org/wiki/File:Fiat_500_C_Topolino_Classic-Days_2022_DSC_0068.jpg
Fiat-500-classic-79725310.jpg	Ermell	CC BY-SA 4.0	https://commons.wikimedia.org/wiki/File:Fiat_500_F_Sachs_Franken_Classic_2018_P5201110.jpg
Fiat-500-classic-43327894.jpg	Lothar Spurzem	CC BY-SA 2.0 de	https://commons.wikimedia.org/wiki/File:Fiat_500_Giardiniera,_Bj._1978_(2015-09-12_3766_b).JPG
Fiat-500-classic-114267344.jpg	Marco Ober	CC BY-SA 4.0	https://commons.wikimedia.org/wiki/File:Fiat_500_L_(1967%E2%80%9371_model).jpg
Fiat-500-classic-123108418.jpg	Alexander Migl	CC BY-SA 4.0	https://commons.wikimedia.org/wiki/File:NSU-Fiat_500_Spyder_(1939)_Classic-Gala_2022_1X7A0350.jpg
car-engine-bay-95271212.jpg	Hip~commonswiki	CC BY-SA 4.0	https://commons.wikimedia.org/wiki/File:93SE_4-dr_Engine_Bay_30.jpg
car-engine-bay-71782973.jpg	 Sam Nixon	CC BY 3.0	https://commons.wikimedia.org/wiki/File:C_C_Viper_Engine_Bay_(65603951).jpeg
car-engine-bay-112444483.jpg	Greg Gjerdingen from United States	CC BY 2.0	https://commons.wikimedia.org/wiki/File:Engine_bay_of_Merkur_XR4Ti.jpg
car-engine-bay-54825176.jpg	emilydickinsonridesabmx from Fort Hamilton Brooklyn, New York, USA	CC BY 2.0	https://commons.wikimedia.org/wiki/File:Lots_of_Carbon_Fiber_in_this_Corvette_Engine_Bay_(5049453782).jpg
car-engine-bay-34387512.jpg	hans wakataitea from whangarei, new zealand	CC BY 2.0	https://commons.wikimedia.org/wiki/File:MG_B_V8_engine_bay_(14167614655).jpg
car-engine-bay-2788363.jpg	John Chapman (Pyrope)	CC BY-SA 3.0	https://commons.wikimedia.org/wiki/File:Maserati_T61_engine_bay_Donington.jpg
disc-brake-car-70439455.jpg	Riley from Christchurch, New Zealand	CC BY 2.0	https://commons.wikimedia.org/wiki/File:Alarm_bells!_(25681917701).jpg
disc-brake-car-8652097.jpg	Richard Masoner	CC BY-SA 2.0	https://commons.wikimedia.org/wiki/File:Closeup_of_the_disk_brakes_on_a_Caltrain_Bombardier_commuter_train_in_San_Jose.jpg
disc-brake-car-31085450.jpg	CZmarlin  — Christopher Ziemnowicz, releases all rights but a photo credit would be appreciated if this image is used anywhere other than Wikipedia. Please leave a note at Wikipedia here. Thank you!	CC BY-SA 3.0	https://commons.wikimedia.org/wiki/File:Detail_of_-_AMC_Pacer_-_right_front_disc_brake_and_suspension_system.jpg
disc-brake-car-16024219.jpg	Irvin calicut at Malayalam Wikipedia	CC BY-SA 3.0	https://commons.wikimedia.org/wiki/File:Disc_brake_car.jpg
disc-brake-car-36552019.jpg	Envy fstop	CC BY-SA 4.0	https://commons.wikimedia.org/wiki/File:Disc_brakes.jpg
disc-brake-car-180762.jpg	CC BY-SA 3.0	https://commons.wikimedia.org/wiki/File:Disk_brake_dsc03682.jpg	
car-lift-garage-186889537.jpg	Shixart1985	CC BY 2.0	https://commons.wikimedia.org/wiki/File:Car_lift_in_an_auto_repair_shop_with_vehicles_and_tools_present.jpg
car-lift-garage-194512646.jpg	Shixart1985	CC BY 2.0	https://commons.wikimedia.org/wiki/File:Car_mechanic_worker_repairing_suspension_of_lifted_automobile_at_auto_repair_garage_shop.jpg
car-lift-garage-186889546.jpg	Shixart1985	CC BY 2.0	https://commons.wikimedia.org/wiki/File:Car_repair_in_an_auto_shop_with_tools_and_equipment_present_on_the_floor_and_a_partially_disassembled_vehicle_on_a_lift.jpg
car-lift-garage-186889571.jpg	Shixart1985	CC BY 2.0	https://commons.wikimedia.org/wiki/File:Classic_car_restoration_project_taking_place_in_a_garage_with_focus_on_an_orange_Beetle_car.jpg
car-lift-garage-185918720.jpg	John K Thorne	CC BY 4.0	https://commons.wikimedia.org/wiki/File:Frames_Coach_Station_and_LB_Camden_Car_Park,_2016-01-29.jpg
car-lift-garage-185918719.jpg	John K Thorne	CC BY 4.0	https://commons.wikimedia.org/wiki/File:Frames_Coach_Station_and_LB_Camden_Car_Park_-_2016-01-29.jpg
mechanic-tools-wrench-101714807.jpg	Corporal Simon Lucas	OGL 3	https://commons.wikimedia.org/wiki/File:Army_Reserves_from_103_Battalion_REME_MOD_45166874.jpg
mechanic-tools-wrench-32929561.jpg	J.C. Fields (Talk) (Uploads)	CC BY-SA 3.0	https://commons.wikimedia.org/wiki/File:Blackhawk_mechanic%27s_tool_set,_front.jpg
mechanic-tools-wrench-32929603.jpg	J.C. Fields (Talk) (Uploads)	CC BY-SA 3.0	https://commons.wikimedia.org/wiki/File:Blackhawk_mechanic%27s_tool_set.jpg
mechanic-tools-wrench-42136862.jpg	Internet Archive Book Images	No restrictions	https://commons.wikimedia.org/wiki/File:Canadian_machinery_and_metalworking_(January-June_1919)_(1919)_(14598222948).jpg
mechanic-tools-wrench-174759609.jpg	U.S. Marine Corps photo by Staff Sgt. Luc Boatman	Public domain	https://commons.wikimedia.org/wiki/File:KAMANDAG_9-_VMM-364_Marines_Perform_Maintenance_on_MV-22B_Ospreys_(9062444).jpg
mechanic-tools-wrench-40582191.jpg	Cpl. Joseph Scanlan	Public domain	https://commons.wikimedia.org/wiki/File:Marine_mechanic_single-handedly_maintains_battery_vehicles_130502-M-OM885-542.jpg
Lancia-Delta-156577200.jpg	Calreyn88	CC BY-SA 4.0	https://commons.wikimedia.org/wiki/File:1992_Lancia_Delta_HF_Integrale.jpg
Lancia-Delta-150639076.jpg	Matti Blume	CC BY-SA 4.0	https://commons.wikimedia.org/wiki/File:Lancia_Delta,_Motortreff_Bella_Italia_2024,_Munich_(P1190463).jpg
Lancia-Delta-3876058.jpg	Thomas doerfer	CC BY-SA 3.0	https://commons.wikimedia.org/wiki/File:Lancia_Delta.JPG
Lancia-Delta-110840252.jpg	JoachimKohler-HB	CC BY-SA 4.0	https://commons.wikimedia.org/wiki/File:Lancia_Delta_(Thurgau,_2021).jpg
Lancia-Delta-129083404.jpg	Alexander-93	CC BY-SA 4.0	https://commons.wikimedia.org/wiki/File:Lancia_Delta_HF_Integrale_Evoluzione_(Group_A)_1X7A6642.jpg
Lancia-Delta-131346582.jpg	Alexander-93	CC BY-SA 4.0	https://commons.wikimedia.org/wiki/File:Lancia_Delta_HF_Integrale_Evoluzione_(Group_A)_1X7A7246.jpg
Pinheiros-Sao-Paulo-street-148635908.jpg	Slyronit	CC BY-SA 4.0	https://commons.wikimedia.org/wiki/File:Crew_Pinheiros,_Sao_Paulo.jpg
Pinheiros-Sao-Paulo-street-148635910.jpg	Slyronit	CC BY-SA 4.0	https://commons.wikimedia.org/wiki/File:Crew_Pinheiros,_Sao_Paulo_2.jpg
Pinheiros-Sao-Paulo-street-36694420.jpg	Wilfredor	CC0	https://commons.wikimedia.org/wiki/File:Marginal_Pinheiros_Street,_S%C3%A3o_Paulo_city.jpg
Pinheiros-Sao-Paulo-street-87295632.jpg	Wilfredor	CC0	https://commons.wikimedia.org/wiki/File:Pinheiros,_Linha_9-Esmeralda_da_CPTM_,_S%C3%A3o_Paulo,_Brazil.jpg
Pinheiros-Sao-Paulo-street-148635904.jpg	Slyronit	CC BY-SA 4.0	https://commons.wikimedia.org/wiki/File:Pinheiros,_Sao_Paulo.jpg
Pinheiros-Sao-Paulo-street-148635906.jpg	Slyronit	CC BY-SA 4.0	https://commons.wikimedia.org/wiki/File:Pinheiros,_Sao_Paulo_2.jpg
